0.3769333662238815,0.44625552933651896,0.3622036424477488,0.41048242804836343,0.3348813291386235,0.001038609995073113
0.4372169930331728,0.12324513668229668,0.06066046293313748,0.047662025402283384,0.4284603060161739,0.12318682932289021,0.0649424001838515,0.010389988245022005,0.43809938404560456,0.12334438708285667,0.16076520396261515,0.43869141102435216,0.12333275372562036,0.3763488013537353,0.12335513477326682,0.11074468884042385,0.07800866929556317,0.0074917982426988515,0.43845458188448366,0.12322127850973172,0.13580280108862328,0.02747035180190147,0.4382759423720753,0.12339915062425519,0.0009682876243206813
0.08863531957238548,0.4128015110240088,0.027183667538459334,0.1470532615694412,0.0884560538625497,0.4145585472181907,0.11099447839803513,0.24043758553143602,0.08888731072429605,0.437858072003912,0.024370313688681276,0.1886819724639181,0.08881027323779768,0.42400138211937416,0.12374756162126797,0.060869121797263184,0.01097760299476852,0.27369018373165965,0.08889596545603881,0.4267667369996168,0.23498248955409368,0.08888801599446486,0.40915600500281435,0.32716378825668024,0.04711930242354164,0.07824831407298925,0.22644461168348015,0.08888816482165988,0.46569589276525064,0.21869055229110299,0.08890034619873875,0.45741487431116784,0.08401133739422424,0.04803626730470992,0.07675076823240856,0.20370077835853087,0.08890606150593572,0.4381465371683531,0.21577931966440672,0.08890299476044522,0.42280475075929286,0.04201856698618436,0.1937185021773846,0.08882032791573465,0.4594547807264103,0.15980514345166158,0.08866554139621668,0.432441235764734,0.03364283313277968,0.03748840890586157,0.14198884500019818,0.229728036120307,0.08888779194104056,0.401830958617754,0.20608843640108365,0.08888406071407595,0.41270772345351725,0.2028952683490586,0.1403959936059398,0.08870700936136634,0.4156864673741591,0.010216562146329908,0.23218784691213168,0.08886591969790107,0.42563523887652616,0.2585839249418313,0.08888423003281445,0.4224958182695158,0.11996765636576219,0.08887759798566984,0.40465564645119717,0.09617243995286769,0.15652214440388315,0.11281655569271096,0.08467552724723326,0.4105428603068594,0.15603859710051074,0.08880332169604789,0.4618888643589138,0.04509919093162254,0.09221020932228595,0.11630639551464354,0.08831815369988653,0.42466322016514607,0.31292141405804375,0.09665946585130433,0.08205008800009307,0.13886286150686342,0.08880891146412927,0.43826837027346277,0.2536390716301297,0.0888624679041412,0.4666271642442611,0.15013212100963472,0.10330971526627475,0.08787536259246309,0.45989044759690484,0.23496310545596874,0.08886185122841635,0.4632225392158127,0.21003524974061383,0.08872268367481606,0.46429903701421044,0.2857591169088727,0.11864768870403289,0.20870601167605343,0.0888819386989601,0.44516997740113806,0.42266548279491595,0.00817094783499085
0.3192406893912549,0.09392919152115974,0.10458738701952187,0.23362515066790082,0.3205181657714352,0.09385437720945006,0.27956274533538683,0.3201794471409298,0.09415801394133302,0.01620688734074006,0.3355015930713076,0.32025250014267365,0.09383691993355031,0.043365458390714706,0.293737421048925,0.3202042044301919,0.09380309034960867,0.09173409946759963,0.1888605607418808,0.06818628266255643,0.1698031618375975,0.12384639295555983,0.08362684511750126,0.0063161425515706375
0.4693234070789644,0.7946161056541359,0.6054002583361217,0.05860854646107887,0.7947054342518809,0.6053983842076114,0.7924798004957097,0.6054115387826821,0.177099363445071,0.7947009319946634,0.6054165301948748,0.6549079269511778,0.6056538576031381,0.12942808480827597,0.7947040958668773,0.6054313618984488,0.07193326559932371,0.7947047921956872,0.6054238783280833,0.6167935157059892,0.06855044025803887,0.7947050552910406,0.6053970133495311,0.4092323103595865,0.7946468418089648,0.6054126629508407,0.2612660644128173,0.7946881679842174,0.6054083505216167,0.0918814584167598,0.794702241270501,0.6053998603786506,0.616172750625806,0.615585737456639,0.619416674906556,0.1291021786114604,0.7946978856283458,0.605421240371941,0.2535420690663316,0.7947033650676315,0.6053996690696956,0.21780294816922105,0.7946942934516639,0.6054335120818675,0.07197422086480862,0.7947014768173609,0.6054004623470068,0.1474741975319752,0.7947043609950099,0.6054019154279626,0.13770960741899832,0.7946992830300057,0.6054086080320373,0.08721448635023155,0.7947019988016346,0.6054031028200519,0.09326947650506402,0.794702534628588,0.6054217907532704,0.6171508997173354,0.6029294936024241,0.1375422571389511,0.7947042595656549,0.6054034309439786,0.0586330961599626,0.7947059955103086,0.6054041192657954,0.7013874304682644,0.605421638381163,0.5939926289625619,0.6058836982366739,0.31467974881172966,0.79470434585558,0.6054212346769909,0.04183225389453068,0.7947042683061861,0.6054414517526613,0.28512310255208634,0.7947059988552357,0.6054247368214024,0.06038633723534162,0.7947025579645246,0.6054195039211361,0.12586033220834741,0.7947044121358661,0.6054362963862012,0.05347661790184656,0.7947060082270171,0.6054440790068052,0.020671823551805055,0.7947045066799862,0.6054363990163907,0.06866301990294785,0.7947042840667142,0.6054016824449048,0.5409609495574595,0.7934811098044894,0.605408995997846,0.030351870211534793,0.7947030222650181,0.6054245586557696,0.2358684072082754,0.794685786180262,0.605441732426531,0.08706464986261542,0.7947013429293031,0.6054293461236544,0.7305375794356815,0.6054497314595255,0.28543354065694476,0.7947061411317643,0.6054322937813624,0.06529638131184892,0.7947016608991212,0.6054103728658381,0.04230275951537623,0.7947070666572569,0.6054021470148246,0.03568714719446896,0.7947026384368628,0.6054354915408242,0.024782582161565384,0.7947070960063476,0.6054173071878155,0.07932832511034041,0.7947008097090049,0.6054222140806214,0.6094555540276586,0.6487582824493957,0.07425598196017906,0.7947057430311033,0.605418603118019,0.07705703548351799,0.7947040756640643,0.6054188238930799,0.1825693856099224,0.7947072128959767,0.6054174411894369,0.07698352167678976,0.7947049642618085,0.6054070840409059,0.47366286280440734,0.7935572842920513,0.6054011240539341,0.6280337396942282,0.6257461421298994,0.1304228025925371,0.7947039673023572,0.6054158637320696,0.618310857074397,0.10126973413449368,0.7947070649506098,0.6054046348559898,0.10478381223593061,0.7946996259402194,0.6054120274521916,0.14463337494681627,0.794698501623128,0.6054419100876568,0.5461895052951763,0.7931474367833339,0.6054078934248508,0.624913630554876,0.5628228595445782,0.7932751237078991,0.6054343070109043,0.2606355988636718,0.7947018398787248,0.6054008600765531,0.028804988006256915,0.7947065002836682,0.6054228163580317,0.6213200587045935,0.3142933187721496,0.7946873800079581,0.6054090231642947,0.08483216712271305,0.794701198979683,0.6054125894423326,0.10390996920557512,0.7947064519612876,0.6054093387615962,0.6205896455022266,0.2613239195871813,0.7947028298899078,0.6054408397813343,0.03910977606062533,0.7947047052026669,0.6054272408025323,0.4693486102792796,0.7946144329426466,0.605433370381755,0.1665098918936819,0.7947027025907301,0.6054026471754499,0.1721860726564515,0.7946957280709036,0.6054166432169763,0.1351175008229378,0.7947008490848982,0.6054262497065838,0.6306013632058732,0.6326420839347062,0.6167519202767311,0.08841682013529582,0.7947046268635986,0.6054144533407966,0.0534623190738609,0.7947048134181991,0.6054138106092146,0.07123557267694455,0.7947050804663447,0.6054070948083419,0.1947523810787533,0.794701478270814,0.6053990089470005,0.25953149371094236,0.7946934222632143,0.6054045441784319,0.5777149884328063,0.020618227977915717,0.7947070080931632,0.6054057625009508,0.3345390896767445,0.79467683331959,0.6054044732208975,0.11666877018649471,0.7946994234590363,0.6054007361417468,0.04333701334245376,0.7947036099165551,0.6054254909390716,0.06968861066539829,0.7947050840678519,0.6053961171081911,0.029892339977806985,0.7947026946372124,0.6054198058029787,0.02257610527785017,0.7947032601856033,0.6054152255147455,0.1780525402151302,0.7947065006505684,0.6054297013863355,0.08434991733843641,0.794701878087275,0.6053964685746118,0.0927052234650784,0.7947054331819059,0.6054049916965764,0.17734620799565395,0.7946956061252867,0.6054168700923447,0.729970848794837,0.6054846017443567,0.12176934921502777,0.7947024853090228,0.6054270705861383,0.5871342497095006,0.6057578890601626,0.6338140454113569,0.5993622925699451,0.6178591159838961,0.46516595842864256,0.7945427010065238,0.6054101315205076,0.06455179853532252,0.7947050297728924,0.6054168363312502,0.09164605416550878,0.7947041437998603,0.6054244660092708,0.6287928605334717,0.28734340508487555,0.7946789939950156,0.6054045229252086,0.04347192345048015,0.7947051631610224,0.6054097310174272,0.6048650023125366,0.08972889280166697,0.7947073574065078,0.6054139093630984,0.09093390409645409,0.7947022856157359,0.6054257768266645,0.060504802048612305,0.7947033800092026,0.6054100408009916,0.11021662975839,0.7947016925801322,0.6054040882361519,0.6053495581904401,0.4119854329440645,0.7946424112391574,0.6054223775540845,0.07504266536633118,0.7947032018638533,0.6054162272908662,0.6127742908839457,0.12373569735466099,0.7947053293041709,0.605398091712688,0.12584011522959465,0.7947034778769136,0.6054090801271219,0.3263873013507711,0.7946729053992627,0.6054026258421998,0.015798070125641425,0.7947045964676125,0.6054031412158983,0.5610939844410021,0.7935668937168415,0.605412330888167,0.052665194417384424,0.7947059251772534,0.6054113673695737,0.6225857654399908,0.1317304405073346,0.7946973586086515,0.605420122405201,0.23202579096744122,0.7946955238376326,0.6054280394344174,0.6347434338168272,0.028340806996022153,0.7947054010899566,0.6054028155281655,0.12417956348019915,0.7946983813364534,0.6054021555501202,0.7641838446778574,0.6054083356635412,0.37542606633401504,0.7946561646454849,0.6054135825325078,0.04305140261188632,0.7947035432877857,0.605395007536884,0.07189230576138816,0.7947017270522395,0.6054071207619394,0.18146667698283364,0.7946930119825701,0.6054084610863276,0.3248863130762678,0.7947033563272504,0.6054083850910332,0.32173541735830924,0.794684496943841,0.6054067049046763,0.08202014652836309,0.7947016438382983,0.6054012621644798,0.1475063410994022,0.7946963432614388,0.6054058384339145,0.05732494119497439,0.7947032196986253,0.6054092116180589,0.15521087472553216,0.7947023304169357,0.605410172451896,0.5387402480439144,0.7910759501344856,0.6054064388937267,0.6304802051148962,0.0557138992522024,0.7947057218745706,0.6053965608116149,0.5207087301656167,0.7946162445775166,0.6054103930582517,0.12989048845197038,0.794701514503038,0.6054213649498165,0.05833438448940018,0.7947071586151738,0.6054228292417488,0.6245673500980936,0.2967651364484876,0.7947010902006669,0.605399100913266,0.1250822994340208,0.794705376543949,0.6054084982431452,0.24055974344169917,0.7946929975585878,0.605408229298258,0.035165019714213694,0.7947029938294667,0.6054030745809272,0.11444055819992552,0.7947063370121584,0.6054147468580965,0.6107994562742617,0.3333083442883583,0.7946740946843737,0.605396661685982,0.1648058652660683,0.7946965063336083,0.6054180914228402,0.5775209248687759,0.406397028830189,0.7946479580469421,0.6054196899145177,0.029810494828525217,0.794707435238622,0.6054163618030522,0.6281119992190264,0.08270204554856535,0.7947008265334247,0.6054079001817809,0.4771512072244211,0.7945662455523945,0.6053987262696483,0.1999035586123409,0.794700214792034,0.6053964703543396,0.10635272588904594,0.7947072477288619,0.605395606485767,0.19050529097908664,0.7946997616885687,0.6054064894788547,0.750825915212088,0.6054364149757321,0.6180732737534171,0.6507464539188198,0.6056499157782148,0.1295520013174926,0.7947061810073852,0.6054078027590853,0.07908909225931422,0.7947031358925343,0.6054048733045048,0.6312054861089611,0.1362170471020413,0.7947073624480636,0.6054004487275825,0.07443480399744964,0.7947030539566899,0.6053974656511133,0.20996970960538355,0.794694735674188,0.6054168263292453,0.043859424722486,0.7947028373511072,0.605409206411711,0.06387694490505058,0.7947023488404517,0.6054126773838814,0.11400097807854709,0.7947057152312355,0.6053957862360057,0.11827526740496824,0.7947065936695078,0.605416139153713,0.15138331517154704,0.7947034420288436,0.6054050314010213,0.049026618063013144,0.794704047662452,0.6053996932266255,0.129750811878844,0.794704891646792,0.6054155043801892,0.12897093458634754,0.7947017932486576,0.6054119800142925,0.054889972099636135,0.7947037806350365,0.6054068997262598,0.08651970696204861,0.7947051161914738,0.6054135488592666,0.05529085007140976,0.7947065288343407,0.6054115582389668,0.26081705586354337,0.7947003303813365,0.605404130333879,0.12560980183200662,0.7947049956667996,0.6053954071906485,0.07087066642460361,0.7947015579457568,0.605399093908393,0.07989234446143485,0.7947037682426134,0.6054021521860157,0.11037123503479956,0.7947024575175522,0.6054028193159113,0.003912506769200637
0.021177428880847844,0.19029442967614824,0.02229597173338531,0.27038293295656995,0.7800728840732315,0.020123995021364943,0.0860112253528472,0.7804359405825465,0.020597989506343846,0.21720798326091773,0.021396426721865803,0.09699994573283147,0.03880632448186593,0.18943495504400074,0.021590755361525833,0.19636950742791914,0.02148211826289024,0.33652163042020683,0.7809543421205044,0.02053705977869903,0.17283389119308576,0.7786443911446217,0.020221987788123095,0.05578854941301913,0.05931656149738049,0.1905468412785583,0.7803618717315178,0.020286885621848445,0.14067212821176767,0.7804239454951255,0.02061816012444723,0.2181121901513469,0.022027816959951308,0.03210801695448126,0.7804535465371039,0.020372203741817984,0.20980560701524656,0.03223616857343807,0.18941493633347897,0.7804768734289946,0.020427874608578662,0.18789155743187114,0.7803314593252849,0.02047484037745731,0.0950671505798161,0.7804456160862527,0.020677947898268656,0.1956962223057991,0.7803874302023913,0.02052900580036209,0.10650407345897193,0.7804473608950823,0.020387618309988476,0.18808508929376028,0.02136198582000102,0.21095177027383097,0.7801673069035125,0.020405989661165958,0.061158670897199396,0.214519460919165,0.7803494370520051,0.020314205924112386,0.1997657660812094,0.2304459250839252,0.02068835728967616,0.0778804161713418,0.09496235452859468,0.447152584512822,0.020763110542245587,0.07730202004207082,0.780470909818129,0.02065592460925485,0.22407942680033183,0.7813981699544241,0.02053843852510597,0.09515098619699468,0.22193218591578265,0.7804662180123892,0.02026515363726463,0.21699853836265182,0.7801167432151386,0.020517207197992594,0.04204039285793955,0.08806382813676207,0.0750535273721028,0.45518350186361484,0.02126630317767612,0.11810787216697202,0.022788522378114948,0.1458990143974688,0.7804236116887406,0.020468156756490795,0.07923462696938717,0.19670809313313475,0.021092798012648226,0.16162045314397838,0.7804501021344393,0.02050115613524662,0.20884193428036082,0.020506882592793287,0.28959973613086865,0.02169005210358404,0.09911709728650542,0.3982585399196644,0.020427943015484788,0.09709534906724768,0.7804218599890873,0.020383279329775253,0.2173101551106942,0.7803053494731567,0.020356608175920946,0.17377916229394952,0.021921023876537826,0.191571068731023,0.020735689744087574,0.17783014432844602,0.021935479081548807,0.21247699704572381,0.7803971088665544,0.020486558528985586,0.13853202112020171,0.7804389129663104,0.02038241544253126,0.15791627520746437,0.7804288780387217,0.020422878544711413,0.15557674594716558,0.7743461272657475,0.02037883178552882,0.0801117265320029,0.08175959213360616,0.4917662344865184,0.020293031350249954,0.07479735296587924,0.24785619650533594,0.7804046269320861,0.020540829670170943,0.21436311149970402,0.7803291287063544,0.02043182074078022,0.3041530227900197,0.09769276481170618,0.3630039849763717,0.020263619177746054,0.17325430231895586,0.02195426654640683,0.09914375255433423,0.7804053964838447,0.020417377627067825,0.2879579867364007,0.7807079115399016,0.020165927760894257,0.3031390552136876,0.7816222151434701,0.020738704225755376,0.1410997637256207,0.022499071627210678,0.027512651603994714,0.7804500649452532,0.020200658549789807,0.293531220013123,0.021549522450083607,0.23908163521345477,0.7800040875108175,0.020352334940121147,0.2882268622375415,0.7820241404269005,0.0203668733855176,0.036317025599827565,0.7804458118228718,0.020357184715458304,0.09734639405980042,0.23787503507171948,0.7839493766248746,0.02051747875943806,0.207409178301262,0.7803273916099088,0.020484467865681838,0.2158664356551705,0.021131192143573098,0.073825424129556,0.07589330253982836,0.04598253277892761,0.12256615293985097,0.0262662397289508,0.18756267712292857,0.7797128291085642,0.020372091096374584,0.13751454096266835,0.7804183800313022,0.02033236194593277,0.1010419796943406,0.02615197663020596,0.1362796897928108,0.02433022126981559,0.15136336423175606,0.7804762772636322,0.020577365013224058,0.10408882967512674,0.381695034425055,0.7822285617437308,0.020300041313526664,0.22078947809080907,0.7804149653534957,0.020267030993501547,0.17114550737492365,0.7800120866046358,0.02054680805256896,0.29669830456055896,0.7838496903180808,0.02014913232664201,0.2588332737508049,0.02089073526957769,0.5779861726632584,0.020856549633204206,0.10646030000460359,0.026636357533311575,0.09269029148843659,0.2172171186499418,0.7799985792046926,0.020260989237530492,0.2050724119165028,0.7804605160841586,0.020437080738276745,0.07333243591156217,0.7804742355606568,0.020345844672188244,0.06032888428535828,0.1215424266404717,0.7803995939922148,0.020390727565431845,0.16511811807066104,0.022683859258279725,0.12561622819733773,0.0238712993328684,0.15292730844794686,0.09901772939602263,0.7804545239642225,0.02048367643739525,0.2333149570091084,0.7802560528494475,0.02034909537541298,0.06454348122462228,0.16611408164833102,0.7804039703442796,0.020155421687610968,0.12793829742752452,0.026308491349409942,0.1574424919554672,0.024037893561263853,0.2485484111077423,0.7820243383893722,0.02020119696994864,0.10285600188511523,0.7804422514864381,0.020250721487417342,0.17508474609856056,0.7804824965306711,0.020325641221312116,0.07550913835474653,0.7804811846325009,0.020406375370424567,0.1098500241315082,0.7804256205756712,0.02052632145603412,0.10969780112058755,0.3121592710951283,0.7815000726365149,0.020504963694044368,0.08483509715499132,0.05734425837179925,0.19238687886354938,0.022390916195129538,0.0736755437163819,0.780446070922696,0.02049407512619135,0.2006993053381281,0.7803169997640315,0.020648131738332652,0.07372412822333728,0.7804488107361517,0.02047835733216718,0.2078231909051893,0.7800457423233309,0.02036285481007492,0.7194330133625193,0.020431589351754795,0.14806644387381931,0.780411897212956,0.020456583399310585,0.16548139150582344,0.7804524398125849,0.020244230620431444,0.2643002745438977,0.7803511286257802,0.020437156825766786,0.27263300797623496,0.7820033819568779,0.02051791581092329,0.21299499120571033,0.02131648293820154,0.5680094201984237,0.02104649575711579,0.3417675777259555,0.783832618586774,0.020573379297351306,0.1520233292578034,0.02128720470655992,0.07511108539693619,0.4090883257683609,0.02116618765850926,0.2618201403563573,0.7797222034472019,0.02028732639633926,0.17926137513824894,0.02221789679590692,0.0514685281125361,0.032902010518180085,0.7804560623365088,0.020371245399095666,0.06784653170505067,0.07092029012685074,0.15264099588953653,0.7804206833629074,0.020293905123623494,0.09748351538061101,0.13294743932681877,0.17794737105597108,0.11486990898565713,0.14552176662747596,0.023860492368602458,0.1591482087438086,0.777943443601661,0.02039665737894056,0.19244892250554813,0.780420110027174,0.020258163273718516,0.07260507671026052,0.06897788605716322,0.7804798682596479,0.020496234132139975,0.10743550489205059,0.24552500209275083,0.02282630967665637,0.1294623235801354,0.027683211399735813,0.16036702742916528,0.023526325989544003,0.18358405867004743,0.7804963251338694,0.02065951013539518,0.2473730872749614,0.7801083588251618,0.0204101755333213,0.37810125198749106,0.020765227314325358,0.2074642875392879,0.7826245073515621,0.020601969142613592,0.06751257463617605,0.05318043030984857,0.7804764991398703,0.02040012309198587,0.13631762343493448,0.023005221241583128,0.08106327187844668,0.20149332781439988,0.7804797802348588,0.02054026850934286,0.18085050151119167,0.7783288503734695,0.02054314825730659,0.07051024768316229,0.7804428425072266,0.020506884299047873,0.14866498890668622,0.024923847703961645,0.1466183482575778,0.17421139833347676,0.020996368056687295,0.03968401757732133,0.21741835493934927,0.022615390027060037,0.12996074746350775,0.026553803843625857,0.20151630293838005,0.7801574520097507,0.02035550655029783,0.23834365968993934,0.78038745729713,0.020472981435053907,0.07968046057000573,0.13924199125652664,0.02980999392630553,0.15959492323310676,0.11891170391105772,0.02397383975647616,0.025876685945969508,0.1726090868698164,0.7826703304337808,0.02021370924816359,0.12703663483779734,0.026280760546895963,0.14364994701966585,0.021158118505249086,0.17586367843709524,0.0233844953346868,0.034652117529249356,0.17987378555695455,0.7802436525324402,0.02046991530001818,0.09711534050882173,0.32256412680935276,0.7835188489615402,0.02052572338117774,0.1462725241819684,0.021579306066019863,0.506835185810232,0.020122836066334266,0.12867289240957125,0.023700405496318907,0.06688627991892004,0.15965913888630423,0.0249360835385312,0.11753561182964128,0.024577226643966082,0.24622278817077983,0.7790918237498194,0.020468761853889794,0.049626298639992274,0.7804662761888305,0.02050505950559147,0.11354481881137338,0.02509106675863863,0.12868246059484667,0.03877763722105712,0.23859432515248885,0.7804267290280961,0.02042754865619752,0.21850814800832916,0.021718565287553896,0.2024748893022713,0.7803801273339667,0.020231777320439303,0.2029119920135829,0.02116210203686264,0.14275027465951542,0.21891071263320808,0.7795565024164497,0.02056897578288966,0.24462804524839976,0.022030610821129743,0.2654306693757826,0.020667740744300733,0.22231607370045062,0.7802764590112932,0.020440763713017798,0.099369937539324,0.35304149269531704,0.7825751949655908,0.020551929807329783,0.2614606155687661,0.7803077099625452,0.020697436515590983,0.04553739271790422,0.0954352987804896,0.12570138593514923,0.025974149642827526,0.34380163847971185,0.7810241732332728,0.020428507276590947,0.10983191277953723,0.032855633390031065,0.11091023655739819,0.0902278520660847,0.7804767755099649,0.020427977824228356,0.13389434074212211,0.021813198421171413,0.16557460679844377,0.78040887687213,0.020670502673329576,0.16227128899621068,0.7803750780375186,0.020499026276812157,0.15196298134388758,0.24562710909195523,0.02060652580170163,0.18643776797030012,0.02088064046070764,0.23082747537990042,0.13605790908497,0.14375497989042166,0.7803919443167048,0.020736715062728617,0.17758941886746046,0.023027824090623324,0.19501129645329499,0.02230375613449373,0.16514208231047423,0.7804432657248426,0.020352449817071017,0.14218957479306574,0.4079074247917922,0.020952846950844973,0.21266998490695585,0.7804583471480476,0.020425167987082327,0.14238537033792498,0.7803795686826013,0.020435407976870615,0.17379598121321013,0.7804710827330683,0.020683658227505775,0.1019694895416235,0.2585225802145477,0.7802733940348247,0.020383258346421344,0.3966272303954177,0.021527918492622086,0.17039431936839555,0.024451339714786396,0.15755090293832427,0.7803622961207789,0.02055797176997789,0.2488996202809501,0.6500880398317784,0.020619390020575404,0.12924270557640916,0.08340764418527785,0.7804047079608883,0.0203397354221841,0.25137282581992026,0.78048235768959,0.02047264507656231,0.5193896605983137,0.021008954690746515,0.1415950674629317,0.7803830124745763,0.020232796365057513,0.08291851287344179,0.7804793175860162,0.020348397958380175,0.24575679023360167,0.782862170769598,0.020318685074622013,0.31583375260794033,0.7816763626123701,0.020330662796827357,0.19101319047016885,0.7803101912781827,0.020486145529836578,0.20796388072745106,0.7803591170741344,0.02054976873081719,0.21714903217142012,0.022904149146248786,0.20870405482933135,0.022189393275978592,0.25931903608950885,0.7827842391741052,0.02067173775819487,0.2934717340104606,0.7800652774316111,0.020226997662199108,0.16309718545067464,0.02512280815162882,0.2620270012146851,0.7803215747638064,0.02055106446753792,0.1611689767828949,0.02141805818379895,0.09712828283756293,0.05085262739574486,0.3481078590678959,0.02113584847406937,0.18238756780119078,0.780033595296892,0.020152556623876012,0.4580450708356461,0.4902001882463152,0.020717780727816097,0.06665062733834712,0.22149599639061376,0.7802049556536296,0.020426543713259818,0.22518482638579887,0.780351907486052,0.020478798807290376,0.1417347480181174,0.7804240637767234,0.02026596187248896,0.2540350710228886,0.021990055001413846,0.047762759538555695,0.28130477232675094,0.7804797747044268,0.0205437583927002,0.03865002400632307,0.7804466545106328,0.020502417180581826,0.16431196574033746,0.19190407206710192,0.7803077009069274,0.020371887070809797,0.09431182336240615,0.2736062996926631,0.021533920613184033,0.13436849623188526,0.034142811769751175,0.09801595318781635,0.060150693488184304,0.14587271753400866,0.7804144571386724,0.020457926348962513,0.156072145970872,0.023882171867466946,0.24286506733196325,0.021012683136675966,0.15206909831978685,0.7804056091072655,0.020506851058933122,0.23308272180712492,0.7802273426650933,0.020391869323726407,0.2021105383606249,0.7804663033292918,0.020346090558630976,0.20221812590594648,0.7802314215999436,0.020801774323261565,0.1370808396682776,0.03650801188638128,0.41133873252691516,0.7841292169972185,0.020580523147042545,0.13657857554154473,0.03004929199890258,0.06818663422078756,0.19207255113254115,0.7801373828773059,0.02055784296365881,0.16840302579093486,0.02259718444823852,0.05238756083928245,0.7804351279566643,0.020461228175604345,0.2377504275863406,0.7804001864677447,0.020644829748248165,0.06975509129851815,0.2339435439875267,0.7803197249218548,0.020454411883327625,0.26440467327806083,0.7804451642465944,0.02049711253739095,0.18176071455888476,0.02831926804876638,0.20045717457290244,0.7803484773541527,0.020440364579742812,0.6990847527006557,0.02046164049042651,0.1416410828955705,0.16148238765506154,0.7802994448539201,0.020638838115327723,0.03782501193559289,0.5642016755312661,0.020195186495336068,0.21962356689952245,0.020594231561807383,0.22751369907146266,0.021417162148579902,0.22845163548775094,0.05907381493808046,0.06466694134699315,0.21281943848102045,0.021990193216860333,0.10693574254271562,0.7803990195056505,0.020314289781586715,0.20228111425691003,0.7804226289858075,0.020419089651399436,0.06005336955219454,0.7804728159712357,0.020283134871678616,0.19147364944783743,0.025799875801421193,0.18511647384986274,0.024031287819737554,0.12053255900387153,0.0293378288125204,0.2036279151355003,0.77971034644216,0.020414010612767312,0.1361983489253779,0.02577904808419282,0.176727242803944,0.7802095397471618,0.02048145447315937,0.21129969220121092,0.021883137551441046,0.3812241212696588,0.7584054575992878,0.020800696982586218,0.10513049676237832,0.14408284071335398,0.7804783391461498,0.020556954200087168,0.6763409862443258,0.020482446925308786,0.21602342086085988,0.7802113229822876,0.02063231833705014,0.26065911075089665,0.023079282071343785,0.20783354634832515,0.7803461574196966,0.02046988481715262,0.1338052452981661,0.024561039562521304,0.16129024056624552,0.024216128477390145,0.15865421376928882,0.044595127045474706,0.14098114960880992,0.7804158250475971,0.02063949711968569,0.18801994039807687,0.7799111180483738,0.020527131128921437,0.1925485162913652,0.7797516758779456,0.020450750908007805,0.22240211846728702,0.020552138724105294,0.3574326496666648,0.02156056999885849,0.07702320499499339,0.07146382279712236,0.15790532239901317,0.030236483464679137,0.14000651498552502,0.18839461591171175,0.7803821150946149,0.020576499733534443,0.17615950704660666,0.021978444626807907,0.22640845878292917,0.7803382519582466,0.020540119938902115,0.22943314548277452,0.7804773573472421,0.02032178331290251,0.1282295471882796,0.1555739085558923,0.7803793692756694,0.020495035651175043,0.06824146196136342,0.1477772686696403,0.024205836311831472,0.26899009152511244,0.7804315203990683,0.02027351623332541,0.16900098318249046,0.024995625806172168,0.1575106411663397,0.780331808645551,0.020356083117839978,0.4611184806657929,0.02069174435639593,0.24645803410393358,0.02073177843746932,0.19099945376471153,0.7803983321119391,0.02016387051645335,0.22098458554217967,0.7800619929573593,0.02029165922617065,0.14604028848282616,0.02395765498444232,0.1341915968393649,0.02855684276263181,0.08226230293620561,0.11358398517026991,0.7804884957236934,0.02045013851737242,0.10813823882470165,0.7804321059718321,0.020603025547414753,0.17998708090387291,0.022472755868091204,0.1831870069903292,0.7741955385447803,0.02048783319184263,0.07858950118870407,0.1380315227665133,0.7804600310847554,0.020405901094645292,0.14750314472112033,0.7804509454981963,0.02047786694151803,0.6675084706550235,0.020395927581733198,0.1482752597283135,0.11144440791664442,0.7804800422167482,0.020442792010106386,0.1529451970441438,0.07665689648890289,0.7804711179618362,0.020390568575001006,0.14662367241039995,0.1560352721155772,0.026987438217846493,0.04832565787027894,0.11370662872873305,0.3861978633404547,0.02037805313106368,0.13446892228499746,0.182106584141515,0.7803589231753888,0.0207297960456616,0.2583953509939282,0.7792839446897164,0.020370261108973053,0.6234359291034418,0.02055333348353361,0.06363579683234473,0.237125132857513,0.02168775751361535,0.18730590392889776,0.025085161377759298,0.25099211593226023,0.7803120886506313,0.020321181211839057,0.18730443351317133,0.7802400077337317,0.02062984369180843,0.27661053123580065,0.7800565106233687,0.020118172660791786,0.10369872884795027,0.2673854176760278,0.779436970751701,0.020637912807428913,0.25054365588896593,0.7802833494207371,0.020620934093974867,0.3909218136621011,0.7838098914472562,0.020565982563305378,0.13565921842112008,0.1086300810049565,0.018273822347147285,0.7804849743625061,0.020725686275744955,0.14518727861913355,0.09095517907293228,0.10206223199791313,0.07313993303855065,0.04459385654206657,0.10797053458773984,0.1916835551883262,0.025413653147009337,0.18084880943953657,0.7802208573361188,0.02041819091284752,0.13843758905349976,0.1918131134855823,0.0253852361697082,0.14912604123083684,0.7804470256844933,0.020416322726059435,0.16485373770286502,0.08439736233723467,0.09831925580709869,0.24977529918066013,0.07908035407079272,0.2502822727315103,0.022567466902137977,0.06482080452134872,0.7804420684727006,0.02048217309173527,0.08146428984677867,0.2671966204575997,0.7803973431725533,0.020421718370595015,0.29196755634413274,0.78028881437218,0.020299024836029675,0.04833875157383933,0.7804799631435635,0.02076999200947292,0.04004906324240859,0.7804823194899867,0.020359328068293953,0.14680298478718026,0.78040264448774,0.020517237181346726,0.11137195415070734,0.7804856716047107,0.0201746255194446,0.08165292761519236,0.16077475138073494,0.7731973991442669,0.02049172058309841,0.1304712876511524,0.23464684144625886,0.025075045041410456,0.1272847963589711,0.06102965056257441,0.19709130906455907,0.78047797907836,0.020359422012992647,0.1310885254866452,0.13305963422837314,0.10109981905826039,0.3842423806830743,0.02157079999862401,0.24570674540819146,0.7803799376913868,0.02038442546163782,0.22882872609368451,0.0212834963034572,0.30303095698744026,0.02229526204122276,0.2644792066892876,0.7801234090665934,0.020622480470303326,0.1387440838406098,0.7804772543170978,0.020322331964001378,0.19834211095719734,0.780440788222078,0.02069591452223082,0.1954175582872517,0.7803913250020966,0.0202321818210708,0.11783174336047215,0.11294474549544561,0.27746878485492443,0.7805045079184517,0.02061364776959243,0.3004131044937212,0.7803987209271208,0.020480149550227686,0.17445112249032674,0.021905479103427394,0.13236840762101812,0.20906453773089773,0.022766004382207113,0.29090530707283685,0.780412487066817,0.02051053293956358,0.07733905615550869,0.5928327639848034,0.021003277768175208,0.14379928836276795,0.2802460260312596,0.7802381960196493,0.020191363092986112,0.10959524235153563,0.25177237857659096,0.7800486138485829,0.020420809439867592,0.28487841664907254,0.020874243954226573,0.19566978194443085,0.021886152520273757,0.008179772552380683
0.4061825460082852,0.6221792057178469,0.46500152824808244,0.46910666812203783,0.30721753972078264,0.4052378936293638,0.621579959429949,0.07399028282735963,0.4051083232267361,0.6213669971001391,0.4230373281388751,0.6225486928535212,0.4246580840525587,0.6240358888831014,0.130975770982772,0.4051090454279319,0.6202377854316949,0.1221897446130545,0.4051050248737451,0.6220238047907235,0.19830297452582796,0.40509324576240574,0.6230967952843091,0.45880894285023854,0.43815683108966474,0.40540663554050943,0.6239716881396815,0.16988026151441996,0.4050946387338175,0.6229054287228464,0.3766984254625576,0.4052146322041957,0.6215670667929666,0.18627487390808042,0.4050990478059352,0.6211434538131908,0.016877552404525126,0.40509711920626085,0.6215131168575809,0.23494634108271678,0.4051296740528126,0.6200017698536394,0.19096870355194806,0.40512372425858706,0.6235989205259116,0.1052111130158425,0.40510673797318497,0.6233569257920992,0.04544077526643833,0.4051069344281792,0.623684900574784,0.0405726265366951,0.40509837382099806,0.620524873230166,0.014884693079771286,0.4050969795034631,0.6242548899927532,0.4798794499810923,0.04173492249512349,0.40510340752249874,0.6216214633338594,0.16859934350921865,0.4050960134024466,0.6247137966546262,0.14387570355456963,0.40510342832236734,0.620223076341567,0.1384110684948193,0.4050927523693952,0.6182310569140979,0.4519668169674348,0.4622962470902085,0.30092442189994195,0.40512409998042437,0.6215470976202756,0.4574124550802779,0.3480663240708329,0.4051595796078206,0.619509020027783,0.4183221735848366,0.40517897981508505,0.6234402970387961,0.377605958987246,0.4051030040492409,0.6189124725558512,0.5899491400502407,0.28268512128192996,0.4050974120113667,0.6230550222457304,0.030897154363516543,0.4050933430527315,0.6230094338453765,0.09651776826044901,0.4051041635136908,0.6227953702540061,0.21123566940973104,0.40512169863164854,0.6192346578301346,0.4331725956837874,0.6110933221097105,0.446557861270442,0.025866942750277677,0.4050987375795322,0.6180949754633579,0.36931853966676764,0.4050971276968588,0.6185084864240311,0.43700150570977403,0.40513264390725834,0.6228326289684409,0.08908674212346121,0.4051019630939598,0.6247324381316739,0.27206551408458995,0.40540436768271004,0.623212633014238,0.152178895348224,0.4051042131549529,0.6186886044624419,0.24311408664830264,0.40510781296240234,0.6234857949240501,0.05041547211650028,0.4051006199924581,0.6216162602720552,0.40643097065451994,0.4052892862748121,0.6219501924625835,0.16446986881023637,0.40511364126981597,0.6217983729794879,0.24962994456864435,0.40512643083685695,0.618556631156165,0.448079910355178,0.405260488383329,0.6242694180865318,0.4445822797284781,0.4055140098563884,0.621352772525566,0.2070391257422798,0.4051285603561911,0.6234313388519568,0.02096568251073978,0.40510263074408703,0.6220667313208966,0.3994285132071752,0.4051691089180528,0.6209201739566357,0.4658654142090061,0.3958099088284285,0.4052741301104901,0.6248296147175367,0.06442118265572994,0.4051032416980871,0.6223175180367955,0.11927317823367999,0.4050995740296083,0.6237294806498649,0.01875504658531549,0.40509581803231953,0.6209103108339594,0.46277641042394374,0.4659146395595276,0.45227983651625503,0.0885432349140052,0.40509903492637306,0.6181588702858112,0.43199471384939175,0.6201842273508668,0.29408972232852904,0.4051186165802808,0.619970214426959,0.24772001154443793,0.4051184307960504,0.6246941031877438,0.05639060505114535,0.4050941192644425,0.6200816927900606,0.24843645863714814,0.40514534986158107,0.6223771550727966,0.4680271885185902,0.011986343170494655,0.40510122180357466,0.6222592610558676,0.46440838067859025,0.4428033451281344,0.6134188941786513,0.0644843979077299,0.4050930722683327,0.6187549744654448,0.40891065636568313,0.4053145499368186,0.6215807882196385,0.2002391300325769,0.4051155069956431,0.6218979666720231,0.440929989880859,0.5970062236450031,0.04299840037717699,0.4051002034848972,0.615798674339164,0.4657301756553887,0.4733840617053656,0.18314280462787116,0.4051101774587751,0.6133258694324419,0.0597416620547655,0.4050994993384732,0.6133613828232802,0.5230708556437971,0.07427420747070523,0.4051019953256966,0.6144781658971068,0.431455737869118,0.40517802784357554,0.6229924665281616,0.4199510359657676,0.6229744622566812,0.33967193688350217,0.4051155154804374,0.6176938554855831,0.05669410926102602,0.40509985875002763,0.6190242972644255,0.01555832950850612,0.40510036162301943,0.6240179599134704,0.17123977125766515,0.4051104447303963,0.6129571989554804,0.00599165173928572
0.19102064803900004,0.09822264537151144,0.05604117369377837,0.08780900790087988,0.046911073722105026,0.002877850237370081
0.02661473953911962,0.04791101874128838,0.10064327912412421,0.11441093346331357,0.09200538801448395,0.25343046145265447,0.10093562768089498,0.3142896751244069,0.0007258611842285859
0.0906357186996293,0.09407032278871455,0.2504376452439252,0.04361848934987588,0.05873659572449836,0.09730768821464825,0.0068725412036348766
0.26001015927056825,0.351542994203084,0.046284594812114964,0.0487375272743617,0.13595741001710643,0.0684205699846326,0.07009877937516637,0.0781338164514121,0.39318769054156266,0.0909093561095427,0.060862963242198205,0.021651503343906458,0.2826414696372717,0.24379092533618124,0.1154007459188898,0.0876502092115947,0.13246762707232648,0.6112824859976153,0.589704087908506,0.6090375459194136,0.0011417047826106578
0.31435301905221247,0.04483414167030353,0.133144172332646,0.17092022536442786,0.09046070960800141,0.1772102314554092,0.027134083461381856,0.1633304242283085,0.16767434811564108,0.23833928880448277,0.10994359383564693,0.5331289414407899,0.7426552735673299,0.08519905918550283,0.18938837927643015,0.7368392257888161,0.08579104175542004,0.5957829072606067,0.74276489963228,0.061159226018442474,0.5605806526983294,0.7198973984511224,0.0459085881905711,0.1966487487760081,0.03954910480176609,0.6760423115440091,0.7428461828210972,0.37476537028078966,0.19451424688134128,0.1220056945717328,0.08870542661952355,0.24027517419289482,0.17289030297142832,0.06907067986201444,0.349355949995474,0.2061047325300412,0.1398056804455041,0.1272883485214353,0.05290041634227765,0.09343418951194409,0.234184239855612,0.05992638677089616,0.08406546848644306,0.05070912255317126,0.023701478249411052,0.15260336975205913,0.6686417406363688,0.3819528208082546,0.05100319083595077,0.03456465248785609,0.12281635821780978,0.02801945929837941,0.3023473947122369,0.043109297252576756,0.011783029111380574,0.08242883383322332,0.1997003841675012,0.6215529575045344,0.10525282488830652,0.09675866725711132,0.21018093720243144,0.2846653006458079,0.8168019744310949,0.7427932796826371,0.23479358219426485,0.061526010370830435,0.26950381124683054,0.08176780367652697,0.4173710658510482,0.74229942073726,0.03732434203824275,0.43822319544634564,0.742249120752691,0.04351287685024545,0.0345897322225595,0.2756900451316456,0.026735553296876213,0.08416334558929513,0.43966688221357103,0.7364207158092321,0.7427705529453252,0.11296933874974907,0.08609721080964455,0.08585539661431675,0.10163442021940906,0.04283441383193132,0.03400266504477678,0.13989801599015078,0.7380278727221699,0.21324613346024643,0.03176988808449698,0.011581288847498554,0.46680178598177846,0.1237118747658831,0.3456801229161869,0.06434138765160914,0.3455500506704411,0.03562831776698682,0.04306553979027366,0.7190441977017387,0.08614233753844118,0.12467469311629091,0.5738822139959484,0.42186073514037814,0.7372962645540805,0.030120740067708856,0.04762959514018369,0.0732721848824897,0.09849046955643583,0.003845623686621734
0.039405878925863336,0.05747112799037228,0.005344286137394732
0.2715524670196502,0.027712836604178278,0.43640215186780607,0.14931532128528494,0.0288088145987026,0.4363460399174144,0.17285102002728273,0.027740502798368302,0.4363256598513109,0.17318978440955765,0.03966814975148335,0.23145575081013858,0.02857663670950247,0.4363524822806934,0.11046776858210404,0.03505840142638491,0.15331586441120876,0.027921883641455522,0.43644436156023836,0.4158766578824869,0.0788871387849322,0.4363725096662764,0.10208129611334907,0.03483761491890136,0.1892236347322539,0.02770857780253743,0.4364439566775662,0.05289842168453537,0.06351405473222577,0.20445235525430608,0.07479320679306704,0.4363544874566878,0.17925606068164446,0.027720517545931304,0.4364356577440324,0.3176922032276544,0.03907721511810176,0.21442066236253798,0.02770856240133494,0.4364387108734825,0.2068301842433734,0.027700136021812507,0.4364506244420982,0.2012361934858695,0.0552607792491486,0.23782802620267085,0.02769934953406237,0.4363972200912609,0.0236331445638291,0.43631561697509547,0.10839743698001593,0.0637532044735232,0.17976978503230082,0.027642642491244585,0.4363524287960399,0.3126815663220991,0.02776085203169919,0.43643511275660213,0.04557061496801307,0.43437767198799704,0.10686690208394486,0.02659520098750465,0.436335758546931,0.2816231747816286,0.027691367409861306,0.4363413294675074,0.0478056904102599,0.43646755535471127,0.3278891927055802,0.019936749933811462
0.19558177966495338,0.02611026784726825,0.17022250942942665,0.8375511526135988,0.18273736262659998,0.8360720313487445,0.1882223551671882,0.8279995510447444,0.05320105988903395,0.17022247667996968,0.8416850598558361,0.08933936225003143,0.17022264247094063,0.8419921782916517,0.055630570870215966,0.17022245694358742,0.8443231561513621,0.08529679015846114,0.17022300420955358,0.83676702248678,0.0802826680406802,0.17022270709832737,0.8423310088103385,0.029863664357792526,0.17022249682207483,0.8397919272646812,0.22461592746065612,0.021737383310093505,0.1702224312851394,0.8421115696218104,0.18300353732217972,0.10266245506994412,0.17022224290749932,0.8437021685714692,0.16798322872167853,0.7476300868446789,0.1985614867741491,0.17022431675247301,0.8423987032787593,0.034152565801148754,0.17022249553506436,0.8446983775340797,0.16933517772702267,0.16877003335451057,0.17022366846495163,0.8379775818706985,0.18009200950516208,0.8308855364025073,0.18680562310524265,0.1702259539627829,0.8394163823129509,0.15054022360035046,0.17022324263186994,0.840582029379812,0.17280965898633116,0.8401782480630074,0.014907510288618335,0.17022223899712102,0.8390529002031447,0.17262029083079994,0.16878210654886547,0.17017004876873743,0.8378536041630561,0.13730421530653428,0.17022319872594388,0.8416370164778236,0.0438788354998754,0.17022240894732507,0.8416443198823795,0.17537278787276925,0.12566351414920773,0.17022211962607137,0.8416013311937576,0.10794372582523086,0.17022216424997377,0.8379664906273491,0.12975023674093283,0.17022226077400568,0.838045877780043,0.038819365935769984,0.17022208345674789,0.8405386007625631,0.1346229205488334,0.17022402530398,0.8440499130339283,0.09308607080428123,0.17022234854801818,0.8375500507240008,0.13614001919317678,0.17022199425124046,0.8392355033054869,0.17793772673019204,0.8342482593457377,0.18142525824956993,0.8430132633090915,0.1862590669587735,0.21838857628375338,0.1675418761517596,0.17022456802440256,0.8394382425777931,0.16308574710004925,0.17022167294426868,0.8376422856534889,0.16739215223172252,0.17026727828576382,0.8428800146373887,0.17470289019454022,0.020567794686809856,0.1702224858970024,0.8405926552637725,0.18440596204353946,0.18805331780418655,0.16502865187579413,0.17022819592369665,0.8424651836705722,0.11633895082757023,0.17022180297515405,0.8406968887576342,0.1843503140865323,0.02951259751796808,0.1702224877803922,0.8437460871098331,0.1724299490730544,0.17973410707862675,0.8402436110057512,0.06715609203107438,0.17022194019447473,0.8433692511795454,0.18281144827291773,0.1793476139939127,0.052963475869004815,0.17022254706666406,0.8433452075069916,0.07038230276725457,0.1702223374094199,0.8391161715491919,0.19557448907159503,0.16987064347106,0.1702277728803358,0.8414484153092946,0.16128722224636916,0.17022707697115433,0.8418000517470907,0.055222452259759996,0.17022246921595463,0.8419921991317674,0.20201413127657392,0.167248248189208,0.17022921232861893,0.8409833805799803,0.10606877915510257,0.17022249285013108,0.8398030819078991,0.06649471804307293,0.17022272427060378,0.8408042427322217,0.17027804678814426,0.8401509499809827,0.1814154250793986,0.1790865753945335,0.17422790200782357,0.8317271620186328,0.23408956447502502,0.028550185972846615,0.1702222053703907,0.8378331340999774,0.16919128114114088,0.18604536260285598,0.17595468573164028,0.17889503637253915,0.8381257919175035,0.18257500655806028,0.8374215393840734,0.0927842174684789,0.17022278093025095,0.8418959653477883,0.19208671207429068,0.08628337303541732,0.17022271435873434,0.8392534665625104,0.13181568615464542,0.1702220344349861,0.8419553884496255,0.17133235636661392,0.17022343719673144,0.8442990829965831,0.18663979263842367,0.1684030060665115,0.17660712901896003,0.17022713438735454,0.8390734040712764,0.1616284084244989,0.17022294453624043,0.8408678859151683,0.1255725376689757,0.17022303226559862,0.8440422944716797,0.17710646993586562,0.22965613679715846,0.170227217093885,0.8448299021271445,0.21294028655422167,0.06039269997778721,0.1702227993845723,0.8384651242317797,0.16751440179153262,0.1845264428143049,0.17336498484430798,0.8388721112930994,0.05580389055903078,0.1702221793482876,0.838815680198339,0.03498165542728271,0.17022221528346443,0.8440840726803508,0.15680336491672486,0.17022479676268187,0.8434147267215825,0.09114967147180668,0.17022270932330877,0.8376219936773422,0.1596812011650267,0.17022549602002998,0.8380682575453138,0.17826418554800555,0.1699799255585511,0.19818387986859004,0.15674208268923587,0.17022210210523772,0.8434507509616306,0.20962246208544344,0.04339937663387669,0.1702225517347528,0.8390322197591196,0.18647827531815264,0.7960680878563061,0.17764829458656328,0.19773061750583376,0.20371682814282,0.17022410558769985,0.8380761104671249,0.19288782263603627,0.16754114621111896,0.16777297827041368,0.09581040703985524,0.1702228902451888,0.8434831214987182,0.056852222489462194,0.17022262341296684,0.8421041905322619,0.055867718508637434,0.170222705184881,0.8394228636934883,0.036095539213431165,0.17022246448334857,0.8390183432663576,0.0990855988253779,0.17022197132656083,0.8445098354161473,0.16903961178958166,0.173082036967775,0.1702239395501844,0.8428824682478152,0.18930533329369795,0.17568895414336871,0.04368444347204987,0.17022236074579555,0.8445179049318264,0.12546353428137405,0.17022355239274584,0.8363848565069719,0.17052086499454372,0.17022070316629984,0.8367163418419462,0.16857462904526802,0.18625597846352468,0.18199583661867072,0.14980696816043387,0.17022452587140988,0.8380868184977371,0.19733367138885946,0.17022278454801887,0.8368969578850289,0.15952845580784342,0.17022129468316893,0.8363493654340105,0.05456828000405786,0.1702221460278104,0.8375623105440142,0.02511100187818134,0.1702222174553478,0.8390763694307966,0.14290833736007472,0.17022236079026618,0.8393340845224548,0.034966313966864566,0.17022243034051776,0.836790810895537,0.17498399294110412,0.17625771441353502,0.23269753198687818,0.17022558341754152,0.841485242262018,0.17232906212257587,0.17545367936736378,0.170230169552535,0.8431008738191011,0.19339910557002005,0.8335815168738467,0.1588484228056777,0.17022298314053314,0.8414888497542428,0.16935652604255008,0.17676476433193256,0.04245341075037478,0.17022221316128752,0.8397615076378938,0.18084168982374726,0.1404236916983697,0.17022266246745135,0.839739626548452,0.04669957335065138,0.1702222422794662,0.8414841433406027,0.16871158934097905,0.17023117775746538,0.8419422518760442,0.17234101659465392,0.17022848887034298,0.8446511606633511,0.19277242187809646,0.0846324656281717,0.17022235006053085,0.8417449202757905,0.17318768118200947,0.83743492181819,0.17102803523781318,0.17024402436401287,0.8408389889514465,0.04774041349840264,0.1702227379576556,0.8392764987363406,0.10463043380322339,0.17022287979343614,0.8392257687876276,0.023690319540582257,0.17022223120973712,0.8412267362527275,0.16830345457939502,0.026059812237602824,0.17022248846404517,0.8385880915513328,0.033284349712548775,0.17022270144345739,0.8374976485900127,0.04860480763346703,0.17022263390924153,0.8414437210574259,0.19744969044238872,0.8129942044095643,0.1758627461916584,0.04299773217834715,0.1702224704328187,0.8403926856441789,0.19831253816981184,0.19998497689226416,0.08066457991198973,0.17022224956939286,0.8446288281619778,0.1849126668364459,0.8321904775804735,0.0455495374111514,0.17022270037285547,0.8415910465700653,0.1525962026649683,0.17022360072191642,0.8421669085000523,0.12903676215023832,0.17022384160412074,0.8419061001913364,0.1478114007815625,0.17022368800724638,0.8405267212220894,0.0463842851025073,0.17022249523076902,0.8400291980416364,0.19328034289530088,0.18480122669086882,0.11990653759803999,0.17022315364923155,0.8373460235247946,0.12074231226628271,0.1702231599833375,0.8375877475038337,0.1921700662437315,0.8419595756563564,0.18216093194759608,0.835186646321351,0.34838997709870245,0.17021802673852127,0.837915450836612,0.17610259631399267,0.8381227703259803,0.18369046952704457,0.02177167593463489,0.17022221832265053,0.8414445005440245,0.13048650977944917,0.17022289137262764,0.8366862526105242,0.1902091067743176,0.84339168331036,0.19227459708982744,0.17046915743737984,0.17023510008194018,0.8414461650943874,0.18554203001420808,0.0624077669219073,0.17022264199398923,0.8436678159738396,0.17573449529825755,0.833666614006652,0.16351371138544943,0.17022296410775295,0.8380336766288603,0.15791340267277365,0.17022406282705232,0.8416041810851146,0.04714914620842271,0.17022245997207294,0.8434835838792939,0.027924971527353435,0.1702227406558201,0.8432426624545407,0.20460913433096603,0.17657242515464383,0.17022237180352132,0.8383290983316274,0.17629082691342815,0.17022751363620994,0.8413611919761536,0.167550572421059,0.17165821599541553,0.17022899708225878,0.8371192874183861,0.21319451935769643,0.8097426356048828,0.12723938567978058,0.1702231673973523,0.8414610426082846,0.1684844650426218,0.17029431332481695,0.8446885768709956,0.140046103479813,0.1702233050943583,0.8415293507483435,0.09694883059843416,0.17022220475356972,0.8421428385600334,0.0756984997663052,0.17022275823711716,0.8407137864895077,0.18860875644733013,0.8319899322684567,0.10671609442452192,0.1702229032345011,0.8389059917638126,0.17833928255836623,0.17023136835163613,0.8394053214277822,0.1739523255027874,0.8350720273529748,0.18147759319867077,0.8322917916492726,0.19664896479219054,0.8282645250449322,0.042208975008717765,0.17022233771597078,0.8426311622528753,0.14980018735618325,0.17022352890762812,0.8377701210194525,0.19784640831722713,0.07514170748992133,0.17022244416983173,0.8423566651653717,0.1903110938055696,0.1814208365513428,0.17021961672634553,0.8374505954639809,0.10251165684410896,0.1702223289855753,0.8427184724998482,0.1702990077404979,0.12165934935902291,0.17022339058168218,0.8396495971472893,0.1933956362476172,0.07437386741026085,0.1702222929876746,0.8402496476290298,0.17295249807931784,0.18010455395856462,0.17023572511292673,0.8437907792175307,0.0521764618434341,0.1702222176202519,0.8366670149447986,0.1761041459292357,0.17536158209909644,0.19284926249366943,0.813851301575954,0.17559350559922368,0.17022495304637458,0.8432426269047748,0.042721693481910405,0.17022254941543793,0.8403790455831003,0.1790773388593122,0.8311145629833154,0.062035798131855016,0.17022242522989517,0.838410289835784,0.1767821959497151,0.17919981322896145,0.8344589980301833,0.17138362155980386,0.04245826262325356,0.17022254441577542,0.842334694187237,0.18918385163312879,0.2247020292023417,0.1702324387093566,0.8416876230981598,0.1688078279341591,0.17022859792553993,0.8433119196917152,0.1790336304130029,0.8306569988815353,0.39352585447971694,0.18829687197699624,0.057809049196957334,0.17022203059374863,0.8421105544004565,0.1863174334567874,0.8379502185017809,0.22582088913415507,0.17021973244528815,0.8373741615676851,0.1915552937583504,0.17022462188637927,0.8445178697990932,0.03993640154222906,0.17022235163874877,0.8391134291447635,0.17462219712975577,0.14854018468002075,0.1702231504671558,0.8443507678828889,0.12946366515728533,0.17022234445371923,0.8429052970388226,0.05825994306525081,0.17022208044496767,0.8435425996760273,0.08101550062478087,0.17022207863272099,0.8366630396808383,0.06442624321637128,0.170222290319354,0.8385768960694309,0.1696390439309266,0.17021729860816903,0.8396840680546406,0.17258190904329906,0.738847414911893,0.17758412859167072,0.21541942332741743,0.17652527772469584,0.16903385111533648,0.17022352962916848,0.8398959601960508,0.09874216014341564,0.17022276208797804,0.8433272910793836,0.19594234025663743,0.18105037639565508,0.048307823396936504,0.17022228459629388,0.841300973252081,0.17762269861346586,0.8280365717152982,0.1762700467888207,0.8445085500792892,0.1591831173868182,0.1702217137052519,0.841450321917184,0.18182185714362148,0.20255578109583125,0.833194326965745,0.17816913641909068,0.14595057186035065,0.170224894916131,0.8422070648133202,0.18064694853212065,0.8371678636665678,0.15406223694017818,0.17022306294479808,0.8407820004329725,0.18570639114546691,0.16872374047455482,0.17024371102158745,0.839322149923425,0.16328652847911,0.1702217673166861,0.8413819246149002,0.16865800552651833,0.18419576188398198,0.17024060776372105,0.8399525666663588,0.035256006666127875,0.17022255713888604,0.8371071669732052,0.10255438851129063,0.17022278587987358,0.8418653236380683,0.16537462948290188,0.1702250508930577,0.8381316724247011,0.17515964580824084,0.13025073190309408,0.17022350942268896,0.8428322362049621,0.165431679846276,0.17022869398192492,0.8422744467825161,0.18512149308619694,0.18381271238426225,0.18142596940173553,0.17115020822382526,0.1702265778003543,0.8386486749671503,0.11227143897530915,0.17022321968776674,0.8429782793183324,0.17541664818181188,0.12183351508392722,0.17022268478142963,0.8433931912263923,0.185773818869861,0.8426043203408609,0.2068996374552478,0.18767594994582415,0.8299219278312616,0.15387412293579297,0.1702225272459184,0.8426287712685948,0.17771535238786912,0.16738058506400647,0.015099204902887652,0.17022241856320564,0.8410607484014012,0.18140250391167637,0.005596390108419358
0.07279375650426365,0.06584094781234023,0.1834268704001136,0.3245449029015203,0.12580028138055357,0.2721574271492733,0.12571054173575463,0.09301067300693178,0.03229778433465554,0.24694085418374034,0.519620905969757,0.12587512644287227,0.1174492087129992,0.08743636548362504,0.11710057271430543,0.12444019087288713,0.07930755616134737,0.06699179032749242,0.10622740254982833,0.11982325922429438,0.030265440650497,0.1396277882078291,0.1286651126486867,0.09493802343065352,0.29642208155341804,0.06885012393813997,0.10275863985122584,0.1021683727339781,0.0924573330392309,0.15507213254167154,0.02406834953461273,0.09961627497960396,0.10071109658563761,0.04114130621963351,0.053588133785396376,0.01449940994293211,0.027477639690856953,0.09495674903740253,0.13622193207077662,0.04527079286186855,0.01088476865157759,0.0339110429779949,0.12433886928068105,0.07225959624437737,0.07930657255790499,0.05612190264741689,0.20136379398125914,0.05146340471967982,0.0002880864849120819
0.09427257646001617,0.49293843586909125,0.5541297291982091,0.24409268827285796,0.23926578942645943,0.49309301567161795,0.5550780840598747,0.5433571701867916,0.005944043087077197
0.049318746830300096,0.17337905727347713,0.044047671405223324,0.06818958719248952,0.16115954243446395,0.23086184680291885,0.009399708353137668
0.25040251500745064,0.07183328644575057,0.06413802074277378,0.5037262149027365,0.4631882659498536,0.22604105920184492,0.459144296750972,0.4615650596488892,0.4632481267811269,0.2894476463717067,0.13988625940534094,0.33012942163507486,0.4630446106637472,0.1244060975694297,0.152421226376329,0.3225939984847953,0.24263530276148598,0.46230135520541654,0.006095402327595022
0.4373320642848421,0.012414749517407722,0.02556591766040501,0.06265260089594892,0.05366008135458769,0.3520287900507078,0.18600930807000943,0.017076015454065032,0.01870358329173707,0.29060906165422246,0.027602159715397354,0.22080103755981192,0.019576793963850092,0.010981708728201358,0.18483797054372164,0.06851692815900014,0.004642884553601678
0.06656950277581938,0.5064012167947691,0.48302536683654107,0.058196124812255855,0.14393525445617888,0.5351544007906737,0.5608282095608158,0.0019760505508776543
0.0766472803245396,0.8962665134769013,0.8061595658440635,0.2950203209142861,0.8962596246784996,0.8073789767752868,0.02082554678802251,0.8962661207411957,0.806174773221829,0.024185161490952865,0.8962651077812008,0.8075774017629622,0.05986896055346832,0.8962658874213629,0.8064570683913932,0.02913725116800395,0.8962663229179348,0.8068741319436198,0.3035252097419398,0.8962671849264807,0.806780222276354,0.8510040230172506,0.14782666555328944,0.8962639870388237,0.8069757176994694,0.057296022404407884,0.8962659951497671,0.8074583253010825,0.7599629748938349,0.08386857646040252,0.8962657602895535,0.8059361083071664,0.24869281012785135,0.89625986275959,0.8067361413298514,0.07100733443903423,0.8962654683516632,0.8068981221883719,0.025214028206299248,0.8962653219225988,0.8059385126827295,0.7489278400836873,0.061046252318134736,0.896266134131534,0.8064330774517114,0.5219990577565873,0.8962452252807475,0.8072224919631068,0.07098557129599137,0.8962659285790152,0.8069604864161349,0.38841692828131974,0.8962565049877651,0.8075527017056363,0.05684181743439597,0.8962661899689572,0.8062198036596763,0.1313156438644182,0.8962646527005702,0.8062238257133009,0.13545720568685346,0.8962630262833147,0.8065763814799128,0.006956965436397521,0.8962658502527237,0.8073502036180985,0.06301576118572094,0.8962641694609031,0.8072282965837562,0.11503420472604854,0.8962637180862153,0.8067582102865648,0.07702644327290768,0.8962664128250457,0.8066940601724983,0.10778184397111286,0.896265469282898,0.8065394368541492,0.16601674383884216,0.8962656653868758,0.8066510796490599,0.648630597076367,0.13255904818895226,0.8962651646637518,0.8062053771569999,0.053928251526113975,0.8962662819048283,0.8075458880071383,0.04587984106838833,0.8962650070579598,0.8067841386571551,0.14016641669414465,0.8962656059172928,0.806968369915868,0.0594298163722463,0.8962642053697241,0.8072307740150589,0.6410438224195697,0.04381740324650242,0.8962645850202496,0.807385878696534,0.19274089592657354,0.8962659641256956,0.8069095561362507,0.013857396769963838,0.8962656670658153,0.8072721019351026,0.6555039359082765,0.7752175934490914,0.04012506566495687,0.8962658860557341,0.8071005402549296,0.07128130683161187,0.8962643936129024,0.8060835863076438,0.06831115553985627,0.89626584739459,0.8069502801178366,0.8132521305096848,0.12350332795595588,0.8962662466563195,0.8071419016023451,0.22590617234792973,0.8962649383347631,0.8068743314470419,0.8219215007866282,0.027447203652290548,0.8962664136676616,0.8068718597757097,0.09263930427818777,0.8962651230525408,0.806139468833496,0.0865328300305679,0.8962661645569474,0.8075821425282961,0.03965868725762466,0.8962645736490431,0.8060919691611189,0.013913892447200366,0.8962650811218877,0.8063881672514369,0.023068853517003312,0.8962660694599639,0.8059600573996222,0.7495436027957686,0.04066941348438795,0.8962662747665596,0.8062163053709027,0.03272806521124993,0.8962657741694223,0.8072031310947707,0.6566994447887481,0.03679849465627621,0.8962649350229387,0.8070668811987403,0.03786231364605605,0.8962658447678932,0.8069816352032181,0.4873001710694151,0.8962550605254738,0.8059271688717643,0.03854597700019353,0.8962665008528038,0.8072638927275183,0.8185661712772404,0.11856737098794007,0.896264751067737,0.8062437788264578,0.035503227816050205,0.8962659770619771,0.8070323936434224,0.07571806355310731,0.8962642785476882,0.8063337846115066,0.0037672711019706828
0.14268650181420367,0.27575200258077426,0.08952436098271702,0.09382823553408304,0.38762991732288776,0.17413452306906285,0.3550727885941385,0.5056189263566195,0.0013151870527304548
0.33411648283145906,0.06559627414466429,0.0252550770218356,0.5163867750141966,0.20350689296577082,0.014028499632450958,0.011607672052911975,0.011341992858143555
0.24162271859082565,0.10353066620273477,0.7565770578925218,0.32380836514826034,0.08346392774107328,0.7576845450358413,0.055868015296397226,0.7578367012135125,0.16478386818279137,0.319094363772505,0.5137928323857265,0.0012206628016238877
0.07586890174042803,0.20368256788278724,0.4814114205205659,0.1582319762931716,0.20372382705263073,0.4805740073611195,0.031145312008182317,0.20372176970763317,0.48088612639042827,0.11161201547919306,0.22254904745944387,0.48065221355571475,0.08865618971595103,0.20374279508692564,0.4809140206520681,0.4040965671252953,0.11547073560715966,0.2037116009993599,0.481030397027626,0.1255309809526209,0.20374225796651887,0.48097418121457297,0.11193639285999907,0.20370192612156293,0.4807770826564322,0.20169708870641773,0.4812537297587814,0.09880048882214613,0.47520640688378313,0.044506303644731265,0.20373240539047646,0.48086495562461046,0.1725818858753766,0.4810672197542374,0.030987928548999247,0.2037428842529869,0.4808223685385253,0.11953380572630257,0.48072133683429524,0.13039843453479635,0.4763591956906513,0.06131990431842238,0.20353476035721302,0.4807534751020879,0.4612178121563872,0.06290828575294341,0.20374370717564796,0.4811800162348684,0.4862386355615654,0.08038354876442484,0.1303722761708776,0.20355317107209595,0.4810728049990996,0.28362003678915637,0.4790191841900302,0.0700363426304526,0.20368792742536274,0.48119845731027516,0.06585397351904958,0.2036452351990189,0.48099760380593215,0.10571954432128414,0.20372541392214177,0.48093735985922437,0.07550661389710983,0.20371867359752352,0.48101526436888187,0.0582065011764087,0.20364695505229885,0.48129498895037254,0.19503652984822423,0.20359347805549535,0.4812022416319645,0.1549286801851571,0.20371810036970497,0.48105334148918577,0.08062133709296242,0.2037277387115268,0.48059999063173553,0.40726992764880965,0.11154442706153102,0.2037383544923725,0.48097382509672104,0.19995979765736127,0.4807134381321153,0.08190121594796776,0.4802673355716784,0.10598878839231429,0.20652750842872197,0.4808957606645957,0.1651410193878112,0.20353213556115468,0.48121283472550913,0.05591938588709305,0.20374670719808766,0.48080012825643337,0.05749234255430822,0.21586014999420747,0.4812526002700403,0.215640220429359,0.4800099267093753,0.10954423350379205,0.47090349085939265,0.49232638874249995,0.2577461031823562,0.4779649335547271,0.05053355805972309,0.20376331359459168,0.480989053988681,0.17061804937162772,0.20367282212822319,0.4809042720263267,0.0959978358647569,0.20355763787532155,0.48120758608966674,0.036250900890922616,0.20374209215884032,0.48089101327623834,0.06265302131630705,0.20371646276448407,0.481345650667676,0.08261279230905673,0.20370698778498564,0.48098110077460066,0.323032543736845,0.013200966884490703,0.20374475458668065,0.48081211688743203,0.10605890260947617,0.2036911728726914,0.48093953531112477,0.2617636294805525,0.20353663261238789,0.4811914533667428,0.08887062174752977,0.2037383871084247,0.48118608210772673,0.04673588493772718,0.0430567002912037,0.20374340775363134,0.48103007225438443,0.05471724190456652,0.20361477320536697,0.4810286043778292,0.110311103294196,0.257433847975173,0.48106420946560174,0.04983642215341165,0.20372809784474238,0.4813808374556724,0.18327340555561114,0.2037254053791047,0.4812159170389102,0.15864734477494336,0.2036968949818425,0.48138457651489974,0.10468978055554105,0.20365951961669168,0.4812870858913804,0.16169144220040058,0.2036939232486109,0.4809487454575331,0.16561804125012722,0.203724159085443,0.4814331729964728,0.08022952133804526,0.20360072246513083,0.48125586444867063,0.08237292477769849,0.20337967685611202,0.4809092106706406,0.023046872206465986,0.20370964651069415,0.48123858401110703,0.247748232900182,0.4782028207468356,0.1153472858750663,0.4805181723908562,0.13976584785702165,0.2037099421027909,0.4812132026572734,0.045578333334802074,0.20373939948860098,0.4810592416764574,0.23965765949031032,0.47666474947374854,0.10839429071461243,0.2037067200718587,0.48079984716780405,0.12223351822437017,0.20368649001257427,0.48130261816272973,0.08974689911827592,0.20367511258479234,0.48120466177152993,0.07168320759978189,0.20366281036001635,0.48100095411331684,0.04789677267701328,0.20374645736619945,0.48121214958606384,0.06317829027113041,0.20372211063795412,0.48081995909894504,0.08261814309563531,0.20371417940597206,0.4810417991352446,0.12792571173700584,0.2037402387460365,0.4812098508830347,0.023480672167781203,0.20367956442267685,0.4812159766445638,0.04671745986220762,0.20372961341904164,0.4809102299222968,0.21518163079622488,0.20360274616105306,0.48092823005180874,0.1570661926802417,0.4820840872153689,0.1340010040431113,0.20374440484393566,0.48072275542090737,0.006088073183303651
